repeat,mode,scenario,rtt_p95_ms,cpu_warning,meeting-down_bits_per_second,meeting-down_jitter_ms,meeting-down_lost_packets,meeting-down_lost_percent,meeting-down_packets,meeting-down_seconds,meeting-up_bits_per_second,meeting-up_jitter_ms,meeting-up_lost_packets,meeting-up_lost_percent,meeting-up_packets,meeting-up_seconds,roommate-down_bits_per_second,roommate-down_bytes,roommate-down_seconds,roommate-up_bits_per_second,roommate-up_bytes,roommate-up_seconds
1,fifo,both,198.0,False,594586.2164480116,3.08153563247954,3,0.0680426400544341,4358,15.000415,597660.549080421,3.34767410582822,27,0.611274620783337,4417,15.043188,237131518.43865225,444596224,14.999144,20714656.8600095,38928384,15.034141
4,meeting,idle,25.2,True,600045.7986107755,0.0033894403535781282,0,0,4395,15.000455,600005.1646003384,0.006387985027624315,0,0,4402,15.025364,,,,,,
1,sqm,upload,25.5,False,600100.926210326,0.03354160129462323,0,0,4395,14.999077,599860.47787592,0.6097982441637173,0,0,4401,15.025574,,,,31682305.318142444,59506688,15.025848
1,meeting,upload,25.5,False,600062.999895,0.0369948564965119,0,0,4395,15.000025,599996.6190984467,0.1407836682708379,0,0,4402,15.025578,,,,31544385.77358283,59244544,15.025062
4,sqm,upload,25.6,True,600047.7987094348,0.03251972844853642,0,0,4395,15.000405,599989.5113430566,0.21012443334241893,0,0,4402,15.025756,,,,31542208.7928477,59244544,15.026099
3,sqm,upload,25.7,False,600054.1191088387,0.030836881304325835,0,0,4395,15.000247,599993.145062132,0.2106180752005415,0,0,4402,15.025665,,,,31682874.628849555,59506688,15.025578
3,fifo,idle,25.1,True,600057.1993517407,0.0022139936321137433,0,0,4395,15.00017,600006.442453318,0.002529809659732685,0,0,4402,15.025332,,,,,,
5,sqm,both,25.8,False,599929.4264361263,0.11524690191060014,0,0,4394,14.999951,599994.2631383947,0.3842094985854843,0,0,4402,15.025637,230406085.94655517,432013312,15.000066,26517036.14222424,49807360,15.026524
2,sqm,idle,25.1,False,600091.4441820473,0.0023590298764611267,0,0,4395,14.999314,600000.053242849,0.1738627565379614,0,0,4402,15.025492,,,,,,
3,fifo,both,195.0,True,595812.837585278,2.73163118210164,1,0.022650056625141562,4365,15.000469,588360.417327341,3.1631028119036184,89,2.017225747960109,4412,15.047756,237683343.0513612,445644800,14.999614,20726965.534531854,38928384,15.025213
5,fifo,both,197.0,True,595593.4208931485,2.47240984994963,2,0.045300113250283124,4364,14.999118,594947.5144739575,3.445782633796832,26,0.5907748239036582,4401,15.060152,237805527.0124926,445906944,15.000726,18492183.00585393,34734080,15.026492
3,sqm,both,25.9,True,600082.122480099,0.148373258417012,0,0,4395,14.999547,599989.710996808,0.4714731301445078,0,0,4402,15.025751,219300454.450451,411172864,14.999435,26936593.806485273,50593792,15.02604
2,fifo,upload,191.0,False,600064.320034304,0.0401965043627425,0,0,4395,14.999992,599027.8481667457,1.1780285721972623,5,0.11266336187471834,4438,15.155863,,,,32791432.64361974,62128128,15.157161
5,meeting,both,25.6,True,600071.400880611,0.114214404179107,0,0,4395,14.999815,599970.4250579353,0.17771741543711336,0,0,4402,15.026234,228865328.0714665,429129728,15.000253,26656823.0124079,50069504,15.026398
3,fifo,download,202.0,False,599668.5521778314,0.11979330768741354,11,0.2469690166142793,4403,14.999646,600004.6055413714,0.512539418078256,0,0,4402,15.025378,240056079.419355,450101248,14.99987,,,
1,fifo,download,203.0,True,600064.0400042693,0.15226780013210708,6,0.1347708894878706,4401,14.999999,600006.20285547,0.05815762693754207,0,0,4402,15.025338,238503399.0858353,447217664,15.000798,,,
3,fifo,upload,192.0,False,600055.3992059447,0.046208732348288,0,0,4395,15.000215,600182.4115225036,0.360903455780571,4,0.08986744551786116,4451,15.17448,,,,33172658.92597394,62914560,15.17263
3,meeting,upload,25.5,False,600073.361144434,0.04069095377144058,0,0,4395,14.999766,599988.8724519446,0.18809886105825122,0,0,4402,15.025772,,,,31681078.20686617,59506688,15.02643
5,meeting,idle,25.1,True,600065.6001749338,0.0027213757247750658,0,0,4395,14.99996,600006.40252033,0.03997102037655774,0,0,4402,15.025333,,,,,,
4,sqm,download,25.4,False,600067.040339671,0.0909522757442824,0,0,4395,14.999924,599990.30995886,0.1824165912095766,0,0,4402,15.025736,221462809.3691372,415236096,14.999759,,,
1,fifo,upload,192.0,False,599930.3863278802,0.03417173963768614,0,0,4394,14.999927,597987.4621775998,1.3433345986591017,6,0.13510470614726414,4441,15.189081,,,,32795030.008944213,62259200,15.187472
2,meeting,upload,25.5,True,600098.925757479,0.06055436318831864,0,0,4395,14.999127,599990.749198458,0.4413336618299919,0,0,4402,15.025725,,,,31680738.765033267,59506688,15.026591
5,fifo,upload,192.0,False,600087.643453152,0.02824928517355892,0,0,4395,14.999409,598429.4133439554,1.60201448877972,4,0.0901510029299076,4437,15.171019,,,,32832929.2777078,62259200,15.169941
4,meeting,download,25.4,True,600062.1598093766,0.11280838688570546,0,0,4395,15.000046,599996.3395767952,0.360821931725023,0,0,4402,15.025585,222078077.57199547,416415744,15.000697,,,
5,fifo,download,203.0,False,599792.9326431088,0.11948309071858235,5,0.11235955056179775,4398,14.99995,600004.64547412,0.5761438118393846,0,0,4402,15.025377,238517264.15183648,447217664,14.999926,,,
5,sqm,download,25.4,True,600043.278505449,0.06566156441825836,0,0,4395,15.000518,599988.952313259,0.06507465800447777,0,0,4402,15.02577,220893678.38121974,414187520,15.00043,,,
4,sqm,idle,25.2,False,600051.8389493973,0.005182624684109303,0,0,4395,15.000304,600003.926685455,0.008392685684622214,0,0,4402,15.025395,,,,,,
4,fifo,upload,192.0,False,600063.7999787333,0.026403508992500387,0,0,4395,15.000005,599762.235304733,0.4429183186789801,11,0.24713547517411819,4451,15.161208,,,,33130446.391868453,62783488,15.160312
3,sqm,idle,25.1,True,600075.8815024537,0.0025754473998748557,0,0,4395,14.999703,600009.8367767265,0.002611155096387431,0,0,4402,15.025247,,,,,,
2,fifo,both,196.0,False,594874.702217183,2.322995974530437,8,0.18103643358225843,4365,15.000026,595892.2362675308,3.994697542921821,32,0.7239819004524887,4420,15.080955,236916199.7288176,444203008,14.999498,20921680.3730154,39321600,15.035733
2,sqm,both,25.9,True,600065.040112736,0.08708294328471566,0,0,4395,14.999974,599980.5270617605,0.23832990137107044,0,0,4402,15.025981,230698054.96443394,432537600,14.999263,26518347.36577087,49807360,15.025781
2,meeting,both,25.6,True,600068.56052106,0.0892267615579112,0,0,4395,14.999886,599988.6328681284,0.12053859352707451,0,0,4402,15.025778,225927843.56955844,423624704,15.000354,26797382.642168425,50331648,15.02584
5,meeting,upload,25.5,False,599934.6258865355,0.02631459983794761,0,0,4394,14.999821,599999.973378579,0.4078257922937944,0,0,4402,15.025494,,,,31890169.866003837,59899904,15.02655
2,meeting,idle,25.2,True,600050.398857626,0.002298032495780007,0,0,4395,15.00034,600002.928370721,0.004251395846009027,0,0,4402,15.02542,,,,,,
5,sqm,upload,25.5,False,600064.120012824,0.0338635647733544,0,0,4395,14.999997,599991.5478175567,0.15077842522000967,0,0,4402,15.025705,,,,31751952.776513483,59637760,15.025913
1,meeting,both,25.6,True,600044.3985496474,0.09322618573480537,0,0,4395,15.00049,600115.3465941543,0.11821519922416894,0,0,4403,15.026018,228172054.24525565,427819008,14.999874,26657937.130676165,50069504,15.02577
1,meeting,download,25.4,True,600078.961968785,0.0883382462584979,0,0,4395,14.999626,599994.2631383947,0.13793956491006035,0,0,4402,15.025637,220836465.6902119,414056448,14.999568,,,
3,meeting,download,25.3,True,599933.5059972937,0.13125025663263756,0,0,4394,14.999849,599954.6538348688,0.26557933511710613,0,0,4402,15.026629,218595897.77497864,409862144,14.999811,,,
1,sqm,both,25.8,True,600081.8024268053,0.09952542391989916,0,0,4395,14.999555,599981.8846692325,0.19965802373869662,0,0,4402,15.025947,227198297.7621527,425984000,14.999549,26727862.831732664,50200576,15.025691
2,fifo,idle,25.1,True,600063.759974496,0.0019787830002823354,0,0,4395,15.000006,600005.9233248887,0.00481488101700505,0,0,4402,15.025345,,,,,,
1,fifo,idle,25.1,False,599951.744713936,0.011436892590615238,0,0,4394,14.999393,599988.2335621932,0.0956652966580357,0,0,4402,15.025788,,,,,,
3,sqm,download,25.4,True,600058.3594514212,0.07370320048989133,0,0,4395,15.000141,599988.8724519446,0.059330416991003464,0,0,4402,15.025772,229640945.61953655,430571520,14.999817,,,
4,sqm,both,25.8,True,600038.7583695645,0.08937796832071636,0,0,4395,15.000631,599991.0287149007,0.22162188304323,0,0,4402,15.025718,230479447.88214755,432144384,14.999841,26450949.3042163,49676288,15.024425
5,fifo,idle,25.1,True,600063.759974496,0.0028049125278504492,0,0,4395,15.000006,600007.081381849,0.0023386385442409185,0,0,4402,15.025316,,,,,,
3,meeting,both,25.6,True,599975.3847007247,0.07192705367722427,0,0,4394,14.998802,599992.9054749036,0.309296613056572,0,0,4402,15.025671,226362550.728062,424411136,14.999341,26588865.083961014,49938432,15.025367
3,meeting,idle,25.2,False,600064.6400689494,0.002145298580527534,0,0,4395,14.999984,600005.523995939,0.0036591371460760564,0,0,4402,15.025355,,,,,,
1,meeting,idle,25.1,True,600063.4399407894,0.0024561966365144908,0,0,4395,15.000014,600007.720311741,0.005544355637562388,0,0,4402,15.0253,,,,,,
2,sqm,upload,25.6,True,600051.238910319,0.03501133029016624,0,0,4395,15.000319,599981.1659350997,0.1513526003393438,0,0,4402,15.025965,,,,31544148.53737144,59244544,15.025175
1,sqm,download,25.4,True,600064.6000646,0.09145431893896824,0,0,4395,14.999985,600002.928370721,0.0499721288648789,0,0,4402,15.02542,229432298.55810237,430178304,14.999747,,,
4,meeting,both,25.6,True,600099.1658111165,0.087699162320195,0,0,4395,14.999121,599983.4419324277,0.180295511423429,0,0,4402,15.025908,224887792.87332547,421658624,14.999787,26448637.93046305,49676288,15.025738
4,fifo,idle,25.1,True,600073.5211665358,0.002104229978593487,0,0,4395,14.999762,600003.128033402,0.003025132896914539,0,0,4402,15.025415,,,,,,
4,meeting,upload,25.4,False,599932.1861331976,0.0327915661814736,0,0,4394,14.999882,599994.14334431,0.16275536014259176,0,0,4402,15.02564,,,,31471794.707980618,59113472,15.0264
4,fifo,both,196.0,False,593922.8904247334,6.87775697732409,5,0.11345586566825505,4355,14.999927,554539.485376358,6.422787609248096,333,7.561307901907357,4404,15.034832,237889875.84180206,446038016,14.999815,21763568.339399964,41549824,15.273166
4,fifo,download,202.0,True,599240.3656212944,0.1350383962509798,10,0.2247191011235955,4399,15.000111,599999.13480503,0.04546170483599722,0,0,4402,15.025515,238377373.86925313,446955520,14.999931,,,
2,sqm,download,25.4,False,599951.1847368366,0.10933392252654155,0,0,4394,14.999407,599991.2683006303,0.541639661444648,0,0,4402,15.025712,219699746.10039416,411959296,15.000811,,,
1,sqm,idle,25.1,False,599937.705603509,0.0029027205170681575,0,0,4394,14.999744,600005.8833919697,0.3184843265215539,0,0,4402,15.025346,,,,,,
2,meeting,download,25.4,True,600084.2828487604,0.10301856444827531,0,0,4395,14.999493,599996.3795084438,0.11606084631452879,0,0,4402,15.025584,231735064.26493573,434503680,15.000015,,,
5,meeting,download,25.4,True,600068.56052106,0.08037137915420305,0,0,4395,14.999886,600004.046483446,0.11147733902438992,0,0,4402,15.025392,221097138.0696059,414580736,15.000854,,,
5,sqm,idle,25.1,True,600051.998960021,0.002696790008074397,0,0,4395,15.0003,600005.2444659902,0.002815358630809978,0,0,4402,15.025362,,,,,,
2,fifo,download,202.0,False,599792.372835028,0.1822493082464236,9,0.20211093644733888,4402,14.999964,599993.8638249654,0.35614850905848466,0,0,4402,15.025647,238377405.65305343,446955520,14.999929,,,
